model,train set images,pretrained,pretrained dataset,Trained layers,epochs,batch size,learning rate,optimizer,training time (seconds),train accuracy,train loss,validation accuracy,validation loss,test accuracy,normalization
xception,8348,True,Imagenet,All,30,50,0.001,ADAM,3862.0,0.9884,0.2535,1.0,0.2849,0.98657,
resnet50,8348,True,Imagenet,All,30,50,0.001,ADAM,1001.0,0.9777,0.3121,1.0,0.3751,0.981405,
opticnet,8348,True,"OCT2017,Srinivasan2014",All,30,50,0.001,ADAM,5955.0,0.9999,0.000517,1.0,2.15e-05,0.994835,
xception,20871,True,Imagenet,All,30,50,0.001,ADAM,9595.0,0.9912,0.0703,1.0,0.0494,0.987603,
resnet50,20871,True,Imagenet,All,30,50,0.001,ADAM,2500.0,0.9896,0.0792,0.9688,0.1396,0.992769,
opticnet,20871,True,"OCT2017,Srinivasan2014",All,30,50,0.001,ADAM,14733.0,0.9985,0.002,0.9688,0.0281,0.992769,
xception,33393,True,Imagenet,All,30,50,0.001,ADAM,15333.0,0.9939,0.042,0.9688,0.153,0.989669,
resnet50,33393,True,Imagenet,All,30,50,0.001,ADAM,4000.0,0.9946,0.0357,0.9688,0.1825,0.988636,
opticnet,33393,True,"OCT2017,Srinivasan2014",All,30,50,0.001,ADAM,23646.0,0.9989,0.0016,0.9688,0.1843,0.995868,
xception,834,True,Imagenet,All,30,50,0.001,ADAM,397.0,0.7642,1.1867,0.5,1.2875,0.5,
resnet50,834,True,Imagenet,All,30,50,0.001,ADAM,103.0,0.9949,1.0972,0.9688,1.1638,0.966942,
opticnet,834,True,"OCT2017,Srinivasan2014",All,30,50,0.001,ADAM,619.0,1.0,0.00030903,0.9688,0.0275,0.984504,
xception,2087,True,Imagenet,All,30,50,0.001,ADAM,970.0,0.7688,0.9701,0.5,1.135,0.5,
resnet50,2087,True,Imagenet,All,30,50,0.001,ADAM,251.0,0.9947,0.8495,0.9688,0.9547,0.974174,
opticnet,2087,True,"OCT2017,Srinivasan2014",All,30,50,0.001,ADAM,1500.0,1.0,0.00021614,1.0,0.0062,0.987603,
xception,4174,True,Imagenet,All,30,50,0.001,ADAM,1911.0,0.8662,0.7109,0.75,0.8965,0.743802,
resnet50,4174,True,Imagenet,All,30,50,0.001,ADAM,522.0,0.9961,0.5482,1.0,0.6532,0.985537,
opticnet,4174,True,"OCT2017,Srinivasan2014",All,30,50,0.001,ADAM,2979.0,1.0,4.27e-05,1.0,3.87e-06,0.993802,
xception,6261,True,Imagenet,All,30,50,0.001,ADAM,2918.0,0.8644,0.5768,0.75,0.7586,0.740702,
resnet50,6261,True,Imagenet,All,30,50,0.001,ADAM,760.0,0.9941,0.3659,1.0,0.4484,0.981405,
opticnet,6261,True,"OCT2017,Srinivasan2014",All,30,50,0.001,ADAM,4447.0,0.9998,0.00033674,1.0,7.75e-07,0.987603,
xception,7513,True,Imagenet,All,30,50,0.001,ADAM,3609.0,0.9923,0.2848,1.0,0.3369,0.993802,
resnet50,7513,True,Imagenet,All,30,50,0.001,ADAM,910.0,0.996,0.2794,1.0,0.3494,0.980372,
opticnet,7513,True,"OCT2017,Srinivasan2014",All,30,50,0.001,ADAM,5334.0,0.9996,0.00054821,1.0,0.0001103,0.989669,
xception,834,False,,All,30,50,0.001,ADAM,409.0,0.7586,1.1372,0.25,1.3998,0.25,
resnet50,834,False,,All,30,50,0.001,ADAM,104.0,0.7249,1.2098,0.5,1.353,0.490702,
opticnet,834,False,,All,30,50,0.001,ADAM,626.0,0.9933,0.051,0.5625,1.6493,0.622934,
xception,2087,False,,All,30,50,0.001,ADAM,970.0,0.8594,0.9007,0.6562,1.1787,0.676653,
resnet50,2087,False,,All,30,50,0.001,ADAM,252.0,0.7418,1.0223,0.5,1.3231,0.490702,
opticnet,2087,False,,All,30,50,0.001,ADAM,1492.0,0.9963,0.0114,0.8125,0.8462,0.838843,
xception,4174,False,,All,30,50,0.001,ADAM,1942.0,0.8738,0.6256,0.75,0.7697,0.742769,
resnet50,4174,False,,All,30,50,0.001,ADAM,523.0,0.461,1.2321,0.25,1.5402,0.25,
opticnet,4174,False,,All,30,50,0.001,ADAM,2989.0,0.9999,0.0019,0.9688,0.4129,0.921488,
xception,6261,False,,All,30,50,0.001,ADAM,2936.0,0.8833,0.5017,0.75,0.6985,0.739669,
resnet50,6261,False,,All,30,50,0.001,ADAM,761.0,0.8123,0.6873,0.7188,0.978,0.703512,
opticnet,6261,False,,All,30,50,0.001,ADAM,4458.0,0.9999,0.0017,1.0,0.0071,0.941116,
xception,7513,False,,All,30,50,0.001,ADAM,3516.0,0.8859,0.4541,0.75,0.7385,0.732438,
resnet50,7513,False,,All,30,50,0.001,ADAM,912.0,0.8257,0.6576,0.7188,0.9862,0.703512,
opticnet,7513,False,,All,30,50,0.001,ADAM,5348.0,0.9983,0.0045,0.9375,0.4481,0.948347,
xception,8348,False,,All,30,50,0.001,ADAM,3925.0,0.968,0.3431,0.9688,0.4902,0.948347,
resnet50,8348,False,,All,30,50,0.001,ADAM,1003.0,0.4403,1.2267,0.25,1.5656,0.25,
opticnet,8348,False,,All,30,50,0.001,ADAM,5909.0,0.9995,0.0016,0.9688,0.2877,0.960744,
xception,20871,False,,All,30,50,0.001,ADAM,9686.0,0.991,0.0756,0.9688,0.0848,0.982438,
resnet50,20871,False,,All,30,50,0.001,ADAM,2532.0,0.8943,0.2717,0.75,0.4388,0.75,
opticnet,20871,False,,All,30,50,0.001,ADAM,14772.0,0.9982,0.0051,0.9688,0.2567,0.985537,
xception,33393,False,,All,30,50,0.001,ADAM,15571.0,0.994,0.0435,1.0,0.0255,0.989669,
resnet50,33393,False,,All,30,50,0.001,ADAM,4030.0,0.4482,1.2298,0.25,1.561,0.25,
opticnet,33393,False,,All,30,50,0.001,ADAM,23604.0,0.9989,0.0029,0.9688,0.2996,0.989669,
xception,41742,False,,All,30,50,0.001,ADAM,19606.0,0.9959,0.0259,0.9688,0.1262,0.992769,
resnet50,41742,False,,All,30,50,0.001,ADAM,5036.0,0.4518,1.2237,0.25,1.5591,0.25,
opticnet,41742,False,,All,30,50,0.001,ADAM,29512.0,0.9982,0.0041,0.9688,0.2658,0.990702,
xception,50090,False,,All,30,50,0.001,ADAM,23446.0,0.9961,0.0236,0.9688,0.1898,0.994835,
resnet50,50090,False,,All,30,50,0.001,ADAM,6041.0,0.9777,0.0905,0.9688,0.0552,0.989669,
opticnet,50090,False,,All,30,50,0.001,ADAM,35595.0,0.9975,0.0051,0.9688,0.2066,0.989669,
xception,62613,False,,All,30,50,0.001,ADAM,28965.0,0.9958,0.0198,0.9688,0.0809,0.998967,
resnet50,62613,False,,All,30,50,0.001,ADAM,7530.0,0.4472,1.2278,0.25,1.5575,0.25,
opticnet,62613,False,,All,30,50,0.001,ADAM,44396.0,0.9971,0.006,0.9688,0.1276,0.994835,
xception,75135,False,,All,30,50,0.001,ADAM,34855.0,0.9959,0.0176,0.9688,0.0381,0.995868,
resnet50,75135,False,,All,30,50,0.001,ADAM,9042.0,0.9897,0.0423,1.0,0.0311,0.996901,
opticnet,75135,False,,All,30,50,0.001,ADAM,53454.0,0.9966,0.0057,1.0,0.0105,0.996901,
xception,41742,True,Imagenet,All,30,50,0.001,ADAM,19448.0,0.9964,0.0212,0.9688,0.2027,0.993802,
resnet50,41742,True,Imagenet,All,30,50,0.001,ADAM,5049.0,0.996,0.0254,0.9688,0.2026,0.992769,
opticnet,41742,True,"OCT2017,Srinivasan2014",All,30,50,0.001,ADAM,29697.0,0.9983,0.0032,0.9688,0.2159,0.994835,
xception,50090,True,Imagenet,All,30,50,0.001,ADAM,23646.0,0.9973,0.0152,0.9688,0.215,0.993802,
resnet50,50090,True,Imagenet,All,30,50,0.001,ADAM,6046.0,0.9959,0.0209,0.9688,0.1622,0.990702,
opticnet,50090,True,"OCT2017,Srinivasan2014",All,30,50,0.001,ADAM,35579.0,0.998,0.0033,0.9688,0.1819,0.997934,
xception,62613,True,Imagenet,All,30,50,0.001,ADAM,32085.0,0.9963,0.0159,0.9688,0.2181,0.996901,
resnet50,62613,True,Imagenet,All,30,50,0.001,ADAM,7456.0,0.9965,0.0151,0.9688,0.2182,0.993802,
opticnet,62613,True,"OCT2017,Srinivasan2014",All,30,50,0.001,ADAM,44634.0,0.9967,0.0043,0.9688,0.1563,0.995868,
xception,75135,True,Imagenet,All,30,50,0.001,ADAM,34404.0,0.9967,0.0145,1.0,0.0237,0.997934,
resnet50,75135,True,Imagenet,All,30,50,0.001,ADAM,9011.0,0.9964,0.0127,1.0,0.0238,0.998967,
opticnet,75135,True,"OCT2017,Srinivasan2014",All,30,50,0.001,ADAM,53219.0,0.9971,0.0043,1.0,0.0166,1.0,
xception,83484,True,Imagenet,All,30,50,0.001,ADAM,38841.0,0.9965,0.0107,1.0,0.0225,0.998967,
resnet50,83484,True,Imagenet,All,30,50,0.001,ADAM,9964.0,0.9962,0.0126,1.0,0.0191,0.996901,
opticnet,83484,True,"OCT2017,Srinivasan2014",All,30,50,0.001,ADAM,59298.0,0.9971,0.0043,1.0,0.017,0.998967,
xception,834,True,Imagenet,Last dense,30,50,0.001,ADAM,78.0,0.1681,1.3899,0.25,1.3826,0.251033,
resnet50,834,True,Imagenet,Last dense,30,50,0.001,ADAM,38.0,0.2125,1.3875,0.1875,1.385,0.221074,
opticnet,834,True,"OCT2017,Srinivasan2014",Last dense,30,50,0.001,ADAM,165.0,0.1473,280.6705,0.25,217.3077,0.25,
xception,2087,True,Imagenet,Last dense,30,50,0.001,ADAM,157.0,0.1581,1.4101,0.2812,1.3917,0.259298,
resnet50,2087,True,Imagenet,Last dense,30,50,0.001,ADAM,68.0,0.2204,1.3822,0.2188,1.3842,0.239669,
opticnet,2087,True,"OCT2017,Srinivasan2014",Last dense,30,50,0.001,ADAM,374.0,0.1468,286.7875,0.25,217.3077,0.25,
xception,4174,True,Imagenet,Last dense,30,50,0.001,ADAM,307.0,0.1585,1.3873,0.25,1.3869,0.253099,
resnet50,4174,True,Imagenet,Last dense,30,50,0.001,ADAM,158.0,0.3006,1.3854,0.25,1.389,0.28719,
opticnet,4174,True,"OCT2017,Srinivasan2014",Last dense,30,50,0.001,ADAM,733.0,0.1417,291.0256,0.25,217.3077,0.25,
xception,6261,True,Imagenet,Last dense,30,50,0.001,ADAM,485.0,0.3141,1.3839,0.25,1.3846,0.248967,
resnet50,6261,True,Imagenet,Last dense,30,50,0.001,ADAM,218.0,0.1844,1.3922,0.1562,1.391,0.160124,
opticnet,6261,True,"OCT2017,Srinivasan2014",Last dense,30,50,0.001,ADAM,1092.0,0.1349,292.1636,0.25,217.3077,0.25,
xception,7513,True,Imagenet,Last dense,30,50,0.001,ADAM,577.0,0.1456,1.3877,0.2188,1.3877,0.241736,
resnet50,7513,True,Imagenet,Last dense,30,50,0.001,ADAM,279.0,0.2896,1.3848,0.25,1.3914,0.232438,
opticnet,7513,True,"OCT2017,Srinivasan2014",Last dense,30,50,0.001,ADAM,1333.0,0.1277,293.3551,0.25,217.3077,0.25,
xception,8348,True,Imagenet,Last dense,30,50,0.001,ADAM,636.0,0.4123,1.3741,0.3125,1.3821,0.247934,
resnet50,8348,True,Imagenet,Last dense,30,50,0.001,ADAM,308.0,0.3035,1.3823,0.125,1.3881,0.216942,
opticnet,8348,True,"OCT2017,Srinivasan2014",Last dense,30,50,0.001,ADAM,1460.0,0.1367,293.7854,0.25,217.3077,0.25,
xception,20871,True,Imagenet,Last dense,30,50,0.001,ADAM,1567.0,0.4215,1.3614,0.2812,1.3816,0.237603,
resnet50,20871,True,Imagenet,Last dense,30,50,0.001,ADAM,729.0,0.2012,1.388,0.1562,1.386,0.202479,
opticnet,20871,True,"OCT2017,Srinivasan2014",Last dense,30,50,0.001,ADAM,3641.0,0.1324,293.0984,0.25,217.3077,0.25,
xception,33393,True,Imagenet,Last dense,30,50,0.001,ADAM,2496.0,0.1452,1.3968,0.25,1.3917,0.247934,
resnet50,33393,True,Imagenet,Last dense,30,50,0.001,ADAM,1155.0,0.193,1.3877,0.3438,1.3833,0.216942,
opticnet,33393,True,"OCT2017,Srinivasan2014",Last dense,30,50,0.001,ADAM,5805.0,0.136,288.2246,0.25,217.3077,0.25,
xception,41742,True,Imagenet,Last dense,30,50,0.001,ADAM,3124.0,0.4317,1.3718,0.2812,1.3857,0.259298,
resnet50,41742,True,Imagenet,Last dense,30,50,0.001,ADAM,1449.0,0.2919,1.3842,0.25,1.3835,0.333678,
opticnet,41742,True,"OCT2017,Srinivasan2014",Last dense,30,50,0.001,ADAM,7272.0,0.1354,290.0511,0.25,217.3077,0.25,
xception,50090,True,Imagenet,Last dense,30,50,0.001,ADAM,3757.0,0.4125,1.378,0.3125,1.3866,0.253099,
resnet50,50090,True,Imagenet,Last dense,30,50,0.001,ADAM,1747.0,0.2937,1.386,0.2188,1.3831,0.302686,
opticnet,50090,True,"OCT2017,Srinivasan2014",Last dense,30,50,0.001,ADAM,8714.0,0.1379,287.8871,0.25,217.3077,0.25,
xception,62613,True,Imagenet,Last dense,30,50,0.001,ADAM,4632.0,0.1393,1.3856,0.25,1.3863,0.247934,
resnet50,62613,True,Imagenet,Last dense,30,50,0.001,ADAM,2167.0,0.164,1.3924,0.1875,1.3892,0.258264,
opticnet,62613,True,"OCT2017,Srinivasan2014",Last dense,30,50,0.001,ADAM,10874.0,0.1352,289.6305,0.25,217.3077,0.25,
xception,75135,True,Imagenet,Last dense,30,50,0.001,ADAM,5576.0,0.1225,1.38,0.2812,1.3839,0.246901,
resnet50,75135,True,Imagenet,Last dense,30,50,0.001,ADAM,2598.0,0.2658,1.3827,0.3438,1.3806,0.241736,
opticnet,75135,True,"OCT2017,Srinivasan2014",Last dense,30,50,0.001,ADAM,13049.0,0.1342,289.0997,0.25,217.3077,0.25,
xception,83484,True,Imagenet,Last dense,30,50,0.001,ADAM,6185.0,0.2843,1.3815,0.3125,1.382,0.234504,
resnet50,83484,True,Imagenet,Last dense,30,50,0.001,ADAM,2856.0,0.2842,1.3856,0.25,1.3847,0.279959,
opticnet,83484,True,"OCT2017,Srinivasan2014",Last dense,30,50,0.001,ADAM,14511.0,0.1349,289.2829,0.25,217.3077,0.25,
xception,834,False,,All,30,50,0.001,Adam,483.215473651886,0.7541966438293457,1.153205156326294,0.25,1.4082549810409546,0.2644628099173554,
resnet,834,False,,All,30,50,0.001,Adam,202.569988489151,0.4388489127159118,1.273587703704834,0.25,1.4265053272247314,0.25,
opticnet,834,False,,All,30,50,0.001,Adam,669.5840091705322,0.9988009333610536,0.0152153735980391,0.59375,2.053444623947144,0.5640495867768595,
xception,2087,False,,All,30,50,0.001,Adam,1056.1455464363098,0.873981773853302,0.9073007702827454,0.75,1.1153982877731323,0.7283057851239669,
resnet,2087,False,,All,30,50,0.001,Adam,353.28974056243896,0.7369430065155029,1.019677758216858,0.5,1.2746185064315796,0.4752066115702479,
opticnet,2087,False,,All,30,50,0.001,Adam,1549.840068817139,0.9990416765213012,0.0037617983762174,0.875,0.4908146262168884,0.8254132231404959,
xception,4174,False,,All,30,50,0.001,Adam,2020.9915561676023,0.8895543813705444,0.6738191246986389,0.75,0.959813952445984,0.7417355371900827,
resnet,4174,False,,All,30,50,0.001,Adam,600.8304731845856,0.7340680360794067,0.8148326873779297,0.5,1.099616289138794,0.493801652892562,
opticnet,4174,False,,All,30,50,0.001,Adam,3026.122472524643,0.9995208382606506,0.0024299828801304,0.90625,0.5588595271110535,0.9090909090909092,
xception,6261,False,,All,30,50,0.001,Adam,2998.741213321686,0.8859606981277466,0.5445849895477295,0.71875,0.8806368112564087,0.7365702479338843,
resnet,6261,False,,All,30,50,0.001,Adam,850.6700472831726,0.4454559981822967,1.2347362041473389,0.25,1.5491888523101809,0.25,
opticnet,6261,False,,All,30,50,0.001,Adam,4480.4904589653015,0.9990416765213012,0.003198180347681,1.0,0.0088536459952592,0.9617768595041324,
xception,7513,False,,All,30,50,0.001,Adam,3534.3403787612915,0.9744442701339722,0.3369712829589844,1.0,0.3927139043807983,0.9710743801652892,
resnet,7513,False,,All,30,50,0.001,Adam,994.667281150818,0.4469586014747619,1.2336935997009275,0.25,1.5508928298950195,0.25,
opticnet,7513,False,,All,30,50,0.001,Adam,5356.500047206879,0.9992013573646544,0.0022488802205771,1.0,0.0094029968604445,0.9710743801652892,
xception,8348,False,,All,30,50,0.001,Adam,4240.659282207489,0.9799951910972596,0.295318454504013,1.0,0.3399762511253357,0.9772727272727272,
resnet,8348,False,,All,30,50,0.001,Adam,1097.3312876224518,0.4465740323066711,1.200123310089111,0.25,1.4060310125350952,0.25,
opticnet,8348,False,,All,30,50,0.001,Adam,5924.467301130295,0.998802125453949,0.0043385378085076,0.96875,0.0957876965403556,0.9721074380165288,
xception,20871,False,,All,30,50,0.001,Adam,9717.68715763092,0.9908485412597656,0.1483014971017837,1.0,0.2202745974063873,0.993801652892562,
resnet,20871,False,,All,30,50,0.001,Adam,2584.2722454071045,0.4442048668861389,1.2329888343811035,0.25,1.5526888370513916,0.25,
opticnet,20871,False,,All,30,50,0.001,Adam,14805.638239860536,0.9989458918571472,0.0031304764561355,1.0,0.0007494939491152,0.9783057851239668,
xception,33393,False,,All,30,50,0.001,Adam,15582.017060995102,0.993711233139038,0.0419328510761261,1.0,0.0286043230444192,0.9886363636363636,
resnet,33393,False,,All,30,50,0.001,Adam,4086.5094566345215,0.9801155924797058,0.0932680144906044,1.0,0.0427938029170036,0.9886363636363636,
opticnet,33393,False,,All,30,50,0.001,Adam,23622.960916519165,0.9984128475189208,0.0037500404287129,1.0,0.0001504210376879,0.9896694214876032,
xception,41742,False,,All,30,50,0.001,Adam,19327.90753722191,0.9953044652938844,0.0272580161690711,1.0,0.0194252878427505,0.993801652892562,
resnet,41742,False,,All,30,50,0.001,Adam,5069.024575710297,0.4443965256214142,1.2327646017074585,0.25,1.5536478757858276,0.25,
opticnet,41742,False,,All,30,50,0.001,Adam,29554.985659122467,0.9980595111846924,0.0044921771623194,0.96875,0.2690820395946502,0.9907024793388428,
xception,50090,False,,All,30,50,0.001,Adam,23272.61401438713,0.9953683614730836,0.0275697708129882,0.96875,0.1701920181512832,0.9958677685950412,
resnet,50090,False,,All,30,50,0.001,Adam,6071.400238275528,0.978219211101532,0.0942905321717262,1.0,0.034573771059513,0.993801652892562,
opticnet,50090,False,,All,30,50,0.001,Adam,35334.92643880844,0.9974845051765442,0.0054235369898378,0.96875,0.1068738475441932,0.993801652892562,
xception,62613,False,,All,30,50,0.001,Adam,29796.01796889305,0.9955440759658812,0.0194438304752111,0.96875,0.0666877478361129,0.9989669421487604,
resnet,62613,False,,All,30,50,0.001,Adam,7568.245720148087,0.9816811084747314,0.0723150372505188,1.0,0.0205502975732088,0.993801652892562,
opticnet,62613,False,,All,30,50,0.001,Adam,44230.94309616089,0.9971731305122375,0.0069251637905836,0.96875,0.1018293276429176,0.9958677685950412,
xception,75135,False,,All,30,50,0.001,Adam,37859.91278409958,0.9953949451446532,0.0177009049803018,0.96875,0.0693923085927963,0.9958677685950412,
resnet,75135,False,,All,30,50,0.001,Adam,9038.81168270111,0.4457842409610748,1.2299386262893677,0.25,1.5568501949310305,0.25,
opticnet,75135,False,,All,30,50,0.001,Adam,52826.89816379547,0.9963532090187072,0.0068208598531782,0.96875,0.0391394942998886,0.9948347107438016,
xception,83484,False,,All,30,50,0.001,Adam,38782.03964471817,0.9958555102348328,0.0131108276546001,0.96875,0.0313356965780258,0.9958677685950412,
resnet,83484,False,,All,30,50,0.001,Adam,10074.75638127327,0.4456542432308197,1.2297543287277222,0.25,1.5573463439941406,0.25,
opticnet,83484,False,,All,30,50,0.001,Adam,58716.70174956322,0.9960950613021852,0.0073038730770349,1.0,0.0120217539370059,0.9989669421487604,
xception,834,True,Imagenet,Last dense,30,50,0.001,Adam,151.8225166797638,0.1199040785431861,1.3891712427139282,0.25,1.385303020477295,0.2479338842975206,
resnet,834,True,Imagenet,Last dense,30,50,0.001,Adam,128.20635533332825,0.2278177440166473,1.391726851463318,0.15625,1.3918488025665283,0.2376033057851239,
opticnet,834,True,"OCT2017,Srinivasan2014",Last dense,30,50,0.001,Adam,212.1320958137512,0.1414868086576461,281.9547424316406,0.25,217.3077392578125,0.25,
xception,2087,True,Imagenet,Last dense,30,50,0.001,Adam,240.3545982837677,0.2903689444065094,1.3782293796539309,0.25,1.3814072608947754,0.2334710743801653,
resnet,2087,True,Imagenet,Last dense,30,50,0.001,Adam,170.19449973106384,0.1830378472805023,1.3877451419830322,0.375,1.3794610500335691,0.2365702479338843,
opticnet,2087,True,"OCT2017,Srinivasan2014",Last dense,30,50,0.001,Adam,425.7076632976532,0.1341638714075088,287.0374755859375,0.25,217.3077392578125,0.25,
xception,4174,True,Imagenet,Last dense,30,50,0.001,Adam,393.9467830657959,0.1518926620483398,1.3847343921661377,0.21875,1.3873792886734009,0.2458677685950413,
resnet,4174,True,Imagenet,Last dense,30,50,0.001,Adam,242.79775953292847,0.2333493083715438,1.3915796279907229,0.25,1.3865958452224731,0.2851239669421487,
opticnet,4174,True,"OCT2017,Srinivasan2014",Last dense,30,50,0.001,Adam,787.2335214614868,0.1406324803829193,286.1564025878906,0.25,217.3077392578125,0.25,
xception,6261,True,Imagenet,Last dense,30,50,0.001,Adam,546.7923102378845,0.3972208797931671,1.3845771551132202,0.34375,1.383768081665039,0.25,
resnet,6261,True,Imagenet,Last dense,30,50,0.001,Adam,311.283988237381,0.303625613451004,1.3847743272781372,0.1875,1.3914692401885986,0.2696280991735537,
opticnet,6261,True,"OCT2017,Srinivasan2014",Last dense,30,50,0.001,Adam,1146.566101551056,0.1395943164825439,287.4263916015625,0.25,217.3077392578125,0.25,
xception,7513,True,Imagenet,Last dense,30,50,0.001,Adam,639.6173212528229,0.1554638594388961,1.3964978456497192,0.21875,1.3899005651474,0.2417355371900826,
resnet,7513,True,Imagenet,Last dense,30,50,0.001,Adam,354.1717116832733,0.2695327997207641,1.3891395330429075,0.28125,1.387352705001831,0.3037190082644628,
opticnet,7513,True,"OCT2017,Srinivasan2014",Last dense,30,50,0.001,Adam,1365.5516481399536,0.1376281082630157,288.4674987792969,0.25,217.3077392578125,0.25,
xception,8348,True,Imagenet,Last dense,30,50,0.001,Adam,701.1103625297546,0.28988978266716,1.3824923038482666,0.28125,1.3866373300552368,0.253099173553719,
resnet,8348,True,Imagenet,Last dense,30,50,0.001,Adam,382.5091691017151,0.2795879244804382,1.3846185207366943,0.28125,1.383631467819214,0.3192148760330578,
opticnet,8348,True,"OCT2017,Srinivasan2014",Last dense,30,50,0.001,Adam,1505.3123195171356,0.1377575397491455,287.9808044433594,0.25,217.3077392578125,0.25,
xception,20871,True,Imagenet,Last dense,30,50,0.001,Adam,1622.3236858844757,0.1677447110414505,1.3802802562713623,0.21875,1.380826711654663,0.2603305785123967,
resnet,20871,True,Imagenet,Last dense,30,50,0.001,Adam,811.3690609931946,0.3496717810630798,1.3809601068496704,0.25,1.3859975337982178,0.2737603305785124,
opticnet,20871,True,"OCT2017,Srinivasan2014",Last dense,30,50,0.001,Adam,5164.358139514923,0.1344928443431854,288.7062072753906,0.25,217.3077392578125,0.25,
xception,33393,True,Imagenet,Last dense,30,50,0.001,Adam,3003.302569389344,0.4297607243061065,1.373695969581604,0.3125,1.382443904876709,0.2675619834710744,
resnet,33393,True,Imagenet,Last dense,30,50,0.001,Adam,1233.9042830467224,0.3625610172748565,1.379638910293579,0.125,1.3880391120910645,0.2675619834710744,
opticnet,33393,True,"OCT2017,Srinivasan2014",Last dense,30,50,0.001,Adam,5838.0884482860565,0.1352978199720382,289.0691833496094,0.25,217.3077392578125,0.25,
xception,41742,True,Imagenet,Last dense,30,50,0.001,Adam,3162.551979780197,0.4213741421699524,1.3758569955825806,0.28125,1.3846369981765747,0.2510330578512397,
resnet,41742,True,Imagenet,Last dense,30,50,0.001,Adam,1517.535205602646,0.2450050264596939,1.3846728801727295,0.375,1.3810932636260986,0.2820247933884297,
opticnet,41742,True,"OCT2017,Srinivasan2014",Last dense,30,50,0.001,Adam,7276.68704366684,0.1375832557678222,288.3907165527344,0.25,217.3077392578125,0.25,
xception,50090,True,Imagenet,Last dense,30,50,0.001,Adam,3765.8345777988434,0.4243162274360657,1.3821907043457031,0.21875,1.3863916397094729,0.2603305785123967,
resnet,50090,True,Imagenet,Last dense,30,50,0.001,Adam,1801.6614229679108,0.4012976586818695,1.3796063661575315,0.28125,1.3828325271606443,0.268595041322314,
opticnet,50090,True,"OCT2017,Srinivasan2014",Last dense,30,50,0.001,Adam,8706.801415205002,0.1376322656869888,288.366455078125,0.25,217.3077392578125,0.25,
xception,62613,True,Imagenet,Last dense,30,50,0.001,Adam,4692.910541772842,0.1772635132074356,1.3893897533416748,0.25,1.388284683227539,0.2572314049586777,
resnet,62613,True,Imagenet,Last dense,30,50,0.001,Adam,2276.5711147785187,0.3298516273498535,1.3826123476028442,0.21875,1.3889951705932615,0.2386363636363636,
opticnet,62613,True,"OCT2017,Srinivasan2014",Last dense,30,50,0.001,Adam,10887.282688617706,0.1370641887187957,288.0277404785156,0.25,217.3077392578125,0.25,
xception,75135,True,Imagenet,Last dense,30,50,0.001,Adam,5623.584300279617,0.4110733866691589,1.3727575540542605,0.28125,1.382839560508728,0.2438016528925619,
resnet,75135,True,Imagenet,Last dense,30,50,0.001,Adam,2658.6928791999817,0.3788647055625915,1.377604842185974,0.25,1.3826189041137695,0.268595041322314,
opticnet,75135,True,"OCT2017,Srinivasan2014",Last dense,30,50,0.001,Adam,13047.548966169355,0.1357157081365585,288.60626220703125,0.25,217.3077392578125,0.25,
xception,83484,True,Imagenet,Last dense,30,50,0.001,Adam,6229.764149904251,0.1269344985485077,1.401678442955017,0.25,1.3910142183303833,0.253099173553719,
resnet,83484,True,Imagenet,Last dense,30,50,0.001,Adam,2910.7884845733643,0.2165325134992599,1.3869839906692505,0.25,1.3834705352783203,0.2840909090909091,
opticnet,83484,True,"OCT2017,Srinivasan2014",Last dense,30,50,0.001,Adam,14481.294359922407,0.1359302401542663,288.7189025878906,0.25,217.3077392578125,0.25,
xception,834,True,Imagenet,All,30,50,0.001,Adam,471.24991607666016,0.7577937841415405,1.120064377784729,0.5,1.24684739112854,0.5,
resnet,834,True,Imagenet,All,30,50,0.001,Adam,202.7766003608704,0.7589927911758423,1.1031033992767334,0.5,1.2313381433486938,0.493801652892562,
opticnet,834,True,"OCT2017,Srinivasan2014",All,30,50,0.001,Adam,658.3000090122223,1.0,0.0007914779707789,1.0,0.0023961772676557,0.9783057851239668,
xception,2087,True,Imagenet,All,30,50,0.001,Adam,1053.8972191810608,0.8830857872962952,0.9145707488059998,0.75,1.0928807258605957,0.7407024793388429,
resnet,2087,True,Imagenet,All,30,50,0.001,Adam,351.09407567977905,0.7537134885787964,0.9461848139762878,0.5,1.1590875387191772,0.5,
opticnet,2087,True,"OCT2017,Srinivasan2014",All,30,50,0.001,Adam,1534.5122938156128,1.0,0.0002121274592354,0.96875,0.0664350315928459,0.987603305785124,
xception,4174,True,Imagenet,All,30,50,0.001,Adam,1993.1572041511536,0.9827503561973572,0.600143551826477,1.0,0.7111751437187195,0.9793388429752066,
resnet,4174,True,Imagenet,All,30,50,0.001,Adam,597.655951499939,0.8859606981277466,0.6566258072853088,0.75,0.8174031376838684,0.743801652892562,
opticnet,4174,True,"OCT2017,Srinivasan2014",All,30,50,0.001,Adam,3008.504266500473,0.9992812871932985,0.0019235843792557,1.0,0.0002553130325395,0.9917355371900828,
xception,6261,True,Imagenet,All,30,50,0.001,Adam,2966.8332030773163,0.8886759281158447,0.4491632878780365,0.75,0.5768827199935913,0.7479338842975206,
resnet,6261,True,Imagenet,All,30,50,0.001,Adam,843.1927087306976,0.9709311723709106,0.4076797068119049,1.0,0.454331636428833,0.9824380165289256,
opticnet,6261,True,"OCT2017,Srinivasan2014",All,30,50,0.001,Adam,4455.317436695099,0.9995208382606506,0.0012512408429756,1.0,3.805230517173186e-05,0.9948347107438016,
xception,7513,True,Imagenet,All,30,50,0.001,Adam,3649.2136285305023,0.987488329410553,0.2841233015060425,1.0,0.3108173608779907,0.9907024793388428,
resnet,7513,True,Imagenet,All,30,50,0.001,Adam,994.5520763397216,0.9701850414276124,0.3637924492359161,1.0,0.3973370194435119,0.9721074380165288,
opticnet,7513,True,"OCT2017,Srinivasan2014",All,30,50,0.001,Adam,5373.8495008945465,0.9990682601928712,0.0012706961715593,1.0,0.0001012642460409,0.9896694214876032,
xception,8348,True,Imagenet,All,30,50,0.001,Adam,4363.8002762794495,0.987541913986206,0.2733570635318756,1.0,0.3095496594905853,0.9917355371900828,
resnet,8348,True,Imagenet,All,30,50,0.001,Adam,1092.2465262413025,0.9777191877365112,0.3037216365337372,0.96875,0.3669909834861755,0.987603305785124,
opticnet,8348,True,"OCT2017,Srinivasan2014",All,30,50,0.001,Adam,5968.113878488541,0.9990416765213012,0.001534427399747,1.0,4.744939360534772e-05,0.9948347107438016,
xception,20871,True,Imagenet,All,30,50,0.001,Adam,9796.358040571213,0.990369439125061,0.07441908121109,1.0,0.0434431210160255,0.9907024793388428,
resnet,20871,True,Imagenet,All,30,50,0.001,Adam,2581.769421339035,0.985961377620697,0.0962140560150146,1.0,0.0610310062766075,0.993801652892562,
opticnet,20871,True,"OCT2017,Srinivasan2014",All,30,50,0.001,Adam,14779.865755081177,0.9988021850585938,0.0020228521898388,1.0,6.8020817707292736e-06,0.9927685950413224,
xception,33393,True,Imagenet,All,30,50,0.001,Adam,15479.954933404922,0.994489848613739,0.0379016958177089,1.0,0.0157763697206974,0.9917355371900828,
resnet,33393,True,Imagenet,All,30,50,0.001,Adam,4059.1925172805786,0.9933518767356871,0.0452018231153488,1.0,0.0181300453841686,0.9917355371900828,
opticnet,33393,True,"OCT2017,Srinivasan2014",All,30,50,0.001,Adam,23539.466331720352,0.998622477054596,0.0021597950253635,1.0,1.3987725651531946e-05,0.993801652892562,
xception,41742,True,Imagenet,All,30,50,0.001,Adam,19430.035141468048,0.9949930310249328,0.0314777307212352,1.0,0.0104433503001928,0.9886363636363636,
resnet,41742,True,Imagenet,All,30,50,0.001,Adam,5068.835837841034,0.9946815967559814,0.0323731787502765,0.96875,0.1486264616250991,0.9917355371900828,
opticnet,41742,True,"OCT2017,Srinivasan2014",All,30,50,0.001,Adam,29458.87473344803,0.9982511401176452,0.0026126785669475,0.96875,0.1830301284790039,0.996900826446281,
xception,50090,True,Imagenet,All,30,50,0.001,Adam,23348.52834367752,0.9956478476524352,0.0263349208980798,0.96875,0.1857519000768661,0.9917355371900828,
resnet,50090,True,Imagenet,All,30,50,0.001,Adam,6044.095816373825,0.995428204536438,0.0261836424469947,0.96875,0.1308837831020355,0.9958677685950412,
opticnet,50090,True,"OCT2017,Srinivasan2014",All,30,50,0.001,Adam,35271.19920063019,0.9975444078445436,0.0031127643305808,0.96875,0.2131340056657791,0.996900826446281,
xception,62613,True,Imagenet,All,30,50,0.001,Adam,29045.59744930268,0.9957357048988342,0.020910769701004,1.0,0.00496286759153,0.9958677685950412,
resnet,62613,True,Imagenet,All,30,50,0.001,Adam,7538.897811412811,0.995480179786682,0.0222217980772256,0.96875,0.118203118443489,0.9948347107438016,
opticnet,62613,True,"OCT2017,Srinivasan2014",All,30,50,0.001,Adam,44200.41333770752,0.9970613121986388,0.0041526923887431,0.96875,0.2096484899520874,0.996900826446281,
xception,75135,True,Imagenet,All,30,50,0.001,Adam,34343.81823253632,0.9957809448242188,0.0171604696661233,0.96875,0.0284625217318534,0.9958677685950412,
resnet,75135,True,Imagenet,All,30,50,0.001,Adam,8998.037138223648,0.9954348802566528,0.0168069135397672,0.96875,0.0345715470612049,0.9958677685950412,
opticnet,75135,True,"OCT2017,Srinivasan2014",All,30,50,0.001,Adam,53020.26336240768,0.99696546792984,0.0046327100135385,1.0,0.0138331018388271,0.996900826446281,
xception,83484,True,Imagenet,All,30,50,0.001,Adam,38236.143963098526,0.9963585734367372,0.0129560604691505,1.0,0.0198953468352556,0.9989669421487604,
resnet,83484,True,Imagenet,All,30,50,0.001,Adam,10008.46894454956,0.9957956075668336,0.0149699011817574,1.0,0.0246830210089683,0.9958677685950412,
opticnet,83484,True,"OCT2017,Srinivasan2014",All,30,50,0.001,Adam,61838.7194108963,0.9965622425079346,0.0048387083224952,0.96875,0.0252344720065593,0.9958677685950412,
octnet,834,False,,All,30,50,0.001,Adam,44.139530181884766,0.8165467381477356,0.5584579110145569,0.5625,1.1465418338775637,0.5950413223140496,
resnet,834,False,,All,30,50,0.001,Adam,212.3107364177704,0.4652278125286102,1.2539552450180054,0.25,1.4304966926574707,0.25,
octnet,2087,False,,All,30,50,0.001,Adam,72.61657190322876,0.8466698527336121,0.4103574752807617,0.71875,0.7975881099700928,0.6745867768595041,
resnet,2087,False,,All,30,50,0.001,Adam,366.16649889945984,0.7652132511138916,0.9974267482757568,0.5,1.317396640777588,0.4979338842975206,
octnet,4174,False,,All,30,50,0.001,Adam,131.73800539970398,0.8682318925857544,0.3764444589614868,0.65625,0.839155375957489,0.7448347107438017,
resnet,4174,False,,All,30,50,0.001,Adam,622.7624819278717,0.4393866658210754,1.23439621925354,0.25,1.5429036617279053,0.25,
octnet,6261,False,,All,30,50,0.001,Adam,203.5201797485352,0.8933078050613403,0.3034162819385528,0.71875,0.6876141428947449,0.7902892561983471,
resnet,6261,False,,All,30,50,0.001,Adam,877.7681736946106,0.4435393810272217,1.229128122329712,0.25,1.5574427843093872,0.25,
octnet,7513,False,,All,30,50,0.001,Adam,224.0771601200104,0.9245308041572572,0.2137005031108856,0.84375,0.5023618936538696,0.8615702479338843,
resnet,7513,False,,All,30,50,0.001,Adam,1029.1354739665985,0.4407027959823608,1.2308223247528076,0.25,1.5559284687042236,0.25,
octnet,8348,False,,All,30,50,0.001,Adam,247.94051361083984,0.92022043466568,0.2285162210464477,0.75,0.8626859188079834,0.8450413223140496,
resnet,8348,False,,All,30,50,0.001,Adam,1135.1813802719116,0.4426209926605224,1.2308995723724363,0.25,1.5562822818756104,0.25,
octnet,20871,False,,All,30,50,0.001,Adam,645.2498381137848,0.9708686470985411,0.0881369560956955,0.96875,0.1825818717479705,0.9462809917355371,
resnet,20871,False,,All,30,50,0.001,Adam,2848.419439792633,0.441809207201004,1.2310311794281006,0.25,1.557053804397583,0.25,
octnet,33393,False,,All,30,50,0.001,Adam,1094.2695384025574,0.982720911502838,0.0526717975735664,1.0,0.022626282647252,0.9597107438016528,
resnet,33393,False,,All,30,50,0.001,Adam,4212.897213935852,0.4434761703014374,1.2278733253479004,0.25,1.5606682300567627,0.25,
octnet,41742,False,,All,30,50,0.001,Adam,1135.8581128120422,0.9880216717720032,0.0367052368819713,1.0,0.0163173880428075,0.9586776859504132,
resnet,41742,False,,All,30,50,0.001,Adam,5248.324415206909,0.4417852461338043,1.2304742336273191,0.25,1.5574679374694824,0.25,
octnet,50090,False,,All,30,50,0.001,Adam,1377.2698266506195,0.9872229695320128,0.0389894805848598,1.0,0.028060333803296,0.9741735537190084,
resnet,50090,False,,All,30,50,0.001,Adam,6268.210953474045,0.4424436092376709,1.231186032295227,0.25,1.5561336278915403,0.25,
octnet,62613,False,,All,30,50,0.001,Adam,1730.2544400691986,0.989874303340912,0.0300301406532526,0.96875,0.3342597484588623,0.984504132231405,
resnet,62613,False,,All,30,50,0.001,Adam,7691.524933099747,0.4441569745540619,1.2294520139694214,0.25,1.5580956935882568,0.25,
octnet,75135,False,,All,30,50,0.001,Adam,1908.1937510967248,0.9896053671836852,0.03061487339437,0.96875,0.0966300815343856,0.9824380165289256,
resnet,75135,False,,All,30,50,0.001,Adam,9129.23281121254,0.9806748032569884,0.0732628777623176,1.0,0.0314481109380722,0.9917355371900828,
octnet,83484,False,,All,30,50,0.001,Adam,2090.476181030273,0.9909563660621644,0.0261732973158359,1.0,0.0097022093832492,0.9855371900826446,
resnet,83484,False,,All,30,50,0.001,Adam,10131.706337690352,0.9888840913772584,0.0433238074183464,1.0,0.0092192329466342,0.9917355371900828,
octnet,834,True,,Last dense,30,50,0.001,Adam,16.36278200149536,0.2038369327783584,1813111168.0,0.25,994279488.0,0.25,
resnet,834,True,Imagenet,Last dense,30,50,0.001,Adam,128.5607295036316,0.1750599592924118,1.3882676362991333,0.46875,1.3795979022979736,0.2696280991735537,
octnet,2087,True,,Last dense,30,50,0.001,Adam,25.77536463737488,0.2376617193222046,1751107072.0,0.25,667604288.0,0.2448347107438016,
resnet,2087,True,Imagenet,Last dense,30,50,0.001,Adam,172.136727809906,0.2208912372589111,1.3871290683746338,0.0625,1.3897041082382202,0.2086776859504132,
octnet,4174,True,,Last dense,30,50,0.001,Adam,108.94274163246156,0.3018687069416046,1325888000.0,0.25,640893760.0,0.271694214876033,
resnet,4174,True,Imagenet,Last dense,30,50,0.001,Adam,373.40499782562256,0.3047436475753784,1.3831779956817627,0.28125,1.3843941688537598,0.2117768595041322,
octnet,6261,True,,Last dense,30,50,0.001,Adam,192.5806906223297,0.2288771718740463,2354822656.0,0.15625,462396992.0,0.2169421487603305,
resnet,6261,True,Imagenet,Last dense,30,50,0.001,Adam,462.9459609985352,0.1704200655221939,1.3890583515167236,0.28125,1.3841617107391355,0.2438016528925619,
octnet,7513,True,,Last dense,30,50,0.001,Adam,232.60139775276184,0.2687341868877411,2286731008.0,0.25,1044312832.0,0.25,
resnet,7513,True,Imagenet,Last dense,30,50,0.001,Adam,529.4602291584015,0.2150938361883163,1.3900521993637085,0.34375,1.382168173789978,0.2809917355371901,
octnet,8348,True,,Last dense,30,50,0.001,Adam,223.3183422088623,0.279947280883789,2426638848.0,0.25,2013933824.0,0.25,
resnet,8348,True,Imagenet,Last dense,30,50,0.001,Adam,575.3096857070923,0.2025634944438934,1.389192819595337,0.15625,1.388480544090271,0.2169421487603305,
octnet,20871,True,,Last dense,30,50,0.001,Adam,430.6014549732208,0.288821816444397,1941233408.0,0.25,694277504.0,0.2541322314049586,
resnet,20871,True,Imagenet,Last dense,30,50,0.001,Adam,1194.9681315422058,0.1548560261726379,1.3921101093292236,0.28125,1.3859705924987793,0.2427685950413223,
octnet,33393,True,,Last dense,30,50,0.001,Adam,454.9826419353485,0.2044440507888794,2639443712.0,0.25,1149749760.0,0.25,
resnet,33393,True,Imagenet,Last dense,30,50,0.001,Adam,1739.2211110591888,0.3753780722618103,1.3811179399490356,0.25,1.3836777210235596,0.2985537190082644,
octnet,41742,True,,Last dense,30,50,0.001,Adam,713.6625597476959,0.2596425712108612,1350134272.0,0.1875,448909600.0,0.262396694214876,
resnet,41742,True,Imagenet,Last dense,30,50,0.001,Adam,2137.5637962818146,0.3464615941047668,1.383413314819336,0.21875,1.389047622680664,0.3347107438016529,
octnet,50090,True,,Last dense,30,50,0.001,Adam,998.1508996486664,0.2608704268932342,2095885312.0,0.25,647740992.0,0.2438016528925619,
resnet,50090,True,Imagenet,Last dense,30,50,0.001,Adam,2538.195044755936,0.2184068709611892,1.3854678869247437,0.34375,1.3829611539840698,0.2675619834710744,
octnet,62613,True,,Last dense,30,50,0.001,Adam,1095.2685315608978,0.2379378080368042,1607934080.0,0.3125,806858048.0,0.2799586776859504,
resnet,62613,True,Imagenet,Last dense,30,50,0.001,Adam,3173.189893484116,0.2118569612503051,1.3828723430633545,0.125,1.3898677825927734,0.2241735537190082,
octnet,75135,True,,Last dense,30,50,0.001,Adam,1987.4869139194489,0.2574565708637237,1964152320.0,0.25,1111194240.0,0.25,
resnet,75135,True,Imagenet,Last dense,30,50,0.001,Adam,3823.928805351257,0.2524123191833496,1.385318160057068,0.25,1.3894306421279907,0.3026859504132231,
octnet,83484,True,,Last dense,30,50,0.001,Adam,1795.250188589096,0.1644386947154998,2215252224.0,0.25,1105479424.0,0.2489669421487603,
resnet,83484,True,Imagenet,Last dense,30,50,0.001,Adam,3944.868152856827,0.3230918645858764,1.384198546409607,0.46875,1.3769054412841797,0.2923553719008264,
octnet,834,True,,All,30,50,0.001,Adam,42.90006232261658,0.8429256677627563,0.485270231962204,0.65625,1.114401936531067,0.6208677685950413,
resnet,834,True,Imagenet,All,30,50,0.001,Adam,248.2040786743164,0.7829736471176147,1.1142659187316897,0.5,1.2800089120864868,0.5,
octnet,2087,True,,All,30,50,0.001,Adam,85.69959473609924,0.8552947044372559,0.3936971426010132,0.65625,0.7706841826438904,0.6756198347107438,
resnet,2087,True,Imagenet,All,30,50,0.001,Adam,389.856778383255,0.7767130136489868,0.8738210201263428,0.5,1.0457149744033811,0.4979338842975206,
octnet,4174,True,,All,30,50,0.001,Adam,161.17628860473633,0.8658361434936523,0.3813277184963226,0.71875,0.7826859354972839,0.743801652892562,
resnet,4174,True,Imagenet,All,30,50,0.001,Adam,693.5426092147827,0.8775754570960999,0.6862246990203857,0.71875,0.9468348026275636,0.743801652892562,
octnet,6261,True,,All,30,50,0.001,Adam,236.102112531662,0.886599600315094,0.3114055693149566,0.78125,0.6174679398536682,0.7902892561983471,
resnet,6261,True,Imagenet,All,30,50,0.001,Adam,949.1465044021606,0.8842037916183472,0.5052741765975952,0.75,0.6763713359832764,0.743801652892562,
octnet,7513,True,,All,30,50,0.001,Adam,238.09662866592407,0.9174763560295104,0.2248456627130508,0.78125,0.5739883780479431,0.8770661157024794,
resnet,7513,True,Imagenet,All,30,50,0.001,Adam,1105.3266143798828,0.8826034665107727,0.4573948681354522,0.71875,0.643580436706543,0.743801652892562,
octnet,8348,True,,All,30,50,0.001,Adam,285.84855937957764,0.939506471157074,0.1673666089773178,0.875,0.5145115852355957,0.871900826446281,
resnet,8348,True,Imagenet,All,30,50,0.001,Adam,1229.4900271892548,0.8854815363883972,0.4162309467792511,0.75,0.5866431593894958,0.7479338842975206,
octnet,20871,True,,All,30,50,0.001,Adam,701.8868043422699,0.9673709869384766,0.0924353301525116,0.84375,0.3744128048419952,0.9328512396694216,
resnet,20871,True,Imagenet,All,30,50,0.001,Adam,2836.218377351761,0.9885486960411072,0.0807394981384277,1.0,0.0568639934062957,0.984504132231405,
octnet,33393,True,,All,30,50,0.001,Adam,1022.0851588249208,0.9840086102485656,0.0458913370966911,1.0,0.0022988498676568,0.9679752066115702,
resnet,33393,True,Imagenet,All,30,50,0.001,Adam,4584.219935417175,0.9916749000549316,0.0508484728634357,0.9375,0.2202055603265762,0.984504132231405,
octnet,41742,True,,All,30,50,0.001,Adam,1426.5411508083344,0.9876623153686525,0.0354827754199504,0.96875,0.0316472649574279,0.9669421487603306,
resnet,41742,True,Imagenet,All,30,50,0.001,Adam,5730.0130496025085,0.9943941235542296,0.0343048758804798,1.0,0.013994850218296,0.9865702479338844,
octnet,50090,True,,All,30,50,0.001,Adam,1687.17862200737,0.9882212281227112,0.0357509180903434,0.96875,0.1073262244462966,0.9741735537190084,
resnet,50090,True,Imagenet,All,30,50,0.001,Adam,6445.9897220134735,0.9954082369804382,0.02614601328969,1.0,0.020190155133605,0.9907024793388428,
octnet,62613,True,,All,30,50,0.001,Adam,1852.104786157608,0.9912318587303162,0.0276824962347745,0.96875,0.1221033409237861,0.9741735537190084,
resnet,62613,True,Imagenet,All,30,50,0.001,Adam,7856.413047552109,0.9956079125404358,0.0193865057080984,0.96875,0.1846393644809723,0.9948347107438016,
octnet,75135,True,,All,30,50,0.001,Adam,2243.409203529358,0.9893125891685486,0.0313990525901317,0.96875,0.1872200518846511,0.9886363636363636,
resnet,75135,True,Imagenet,All,30,50,0.001,Adam,9245.786201000214,0.9958208799362184,0.0147809758782386,0.96875,0.22490094602108,0.9948347107438016,
octnet,83484,True,,All,30,50,0.001,Adam,2162.930011034012,0.990896463394165,0.0279918760061264,1.0,0.0066374051384627,0.9896694214876032,
resnet,83484,True,Imagenet,All,30,50,0.001,Adam,10175.28825211525,0.9957117438316344,0.0136745395138859,0.96875,0.0299563258886337,0.9948347107438016,
octnet,834,False,,All,30,128,0.001,Adam,40.4602108001709,0.7230215668678284,0.8080728054046631,0.53125,1.287471890449524,0.5609504132231405,
resnet,834,False,,All,30,128,0.001,Adam,198.6595642566681,0.4652278125286102,1.304221510887146,0.25,1.399955987930298,0.25,
octnet,2087,False,,All,30,128,0.001,Adam,59.65169429779053,0.760421633720398,0.653749942779541,0.5625,1.152387261390686,0.6270661157024794,
resnet,2087,False,,All,30,128,0.001,Adam,338.0602033138275,0.761859118938446,1.1641969680786133,0.5,1.346332311630249,0.4958677685950413,
octnet,4174,False,,All,30,128,0.001,Adam,108.09236216545104,0.8073790073394775,0.513094961643219,0.71875,0.8164280652999878,0.734504132231405,
resnet,4174,False,,All,30,128,0.001,Adam,575.6096246242523,0.7422137260437012,1.054271936416626,0.5,1.2989709377288818,0.4979338842975206,
octnet,6261,False,,All,30,128,0.001,Adam,156.52077531814575,0.8324548602104187,0.4528127014636993,0.8125,0.5772997140884399,0.7747933884297521,
resnet,6261,False,,All,30,128,0.001,Adam,809.322674036026,0.7399776577949524,0.9338536262512208,0.5,1.1552908420562744,0.493801652892562,
octnet,7513,False,,All,30,128,0.001,Adam,185.67185711860657,0.8569146990776062,0.4060843586921692,0.78125,0.5944845676422119,0.7995867768595041,
resnet,7513,False,,All,30,128,0.001,Adam,949.7245306968688,0.7440436482429504,0.852669894695282,0.5,1.1226446628570557,0.4659090909090909,
octnet,8348,False,,All,30,128,0.001,Adam,203.38324189186096,0.8707475066184998,0.3691880106925964,0.78125,0.5207995176315308,0.8047520661157025,
resnet,8348,False,,All,30,128,0.001,Adam,1042.4310338497162,0.7410157918930054,0.8406729698181152,0.5,1.0560078620910645,0.4958677685950413,
octnet,20871,False,,All,30,128,0.001,Adam,492.404417514801,0.9142829775810242,0.2420968413352966,0.84375,0.4939887821674347,0.8987603305785123,
resnet,20871,False,,All,30,128,0.001,Adam,2450.163544654846,0.8591346740722656,0.5138704776763916,0.71875,0.7442752122879028,0.734504132231405,
octnet,33393,False,,All,30,128,0.001,Adam,785.1260597705841,0.949899673461914,0.146497905254364,0.9375,0.2040172517299652,0.9411157024793388,
resnet,33393,False,,All,30,128,0.001,Adam,3860.1721947193146,0.9520857930183412,0.2782792150974273,1.0,0.2884529232978821,0.984504132231405,
octnet,41742,False,,All,30,128,0.001,Adam,971.4148209095,0.95797997713089,0.1206953302025795,0.96875,0.0618413984775543,0.9607438016528924,
resnet,41742,False,,All,30,128,0.001,Adam,4788.513310432434,0.9686646461486816,0.1792580187320709,1.0,0.1412825882434845,0.9865702479338844,
octnet,50090,False,,All,30,128,0.001,Adam,1166.5109431743622,0.96412456035614,0.1080010086297988,0.9375,0.0789279043674469,0.956611570247934,
resnet,50090,False,,All,30,128,0.001,Adam,5725.8190305233,0.4424436092376709,1.231184005737305,0.25,1.556208252906799,0.25,
octnet,62613,False,,All,30,128,0.001,Adam,1455.0054297447205,0.9685847759246826,0.0935138911008834,0.9375,0.1159171462059021,0.9721074380165288,
resnet,62613,False,,All,30,128,0.001,Adam,7133.539438724518,0.9797486066818236,0.0990105122327804,1.0,0.0613250285387039,0.9948347107438016,
octnet,75135,False,,All,30,128,0.001,Adam,1744.208901643753,0.9787182807922364,0.0624969378113746,0.9375,0.0719117149710655,0.9741735537190084,
resnet,75135,False,,All,30,128,0.001,Adam,8546.704327583313,0.4441471993923187,1.2303866147994995,0.25,1.5570261478424072,0.25,
octnet,83484,False,,All,30,128,0.001,Adam,1931.62243270874,0.9761151671409608,0.0709546655416488,0.96875,0.0423046387732028,0.9865702479338844,
resnet,83484,False,,All,30,128,0.001,Adam,9485.253443956375,0.9844401478767396,0.0701809450984001,1.0,0.0250026807188987,0.996900826446281,
octnet,834,True,,Last dense,30,128,0.001,Adam,15.731924057006836,0.3321343064308166,1493203968.0,0.25,1170008832.0,0.2520661157024793,
resnet,834,True,Imagenet,Last dense,30,128,0.001,Adam,126.94302010536194,0.2362110316753387,1.3862290382385254,0.15625,1.3875036239624023,0.2407024793388429,
octnet,2087,True,,Last dense,30,128,0.001,Adam,23.736347198486328,0.2491614818572998,1389257088.0,0.15625,501112896.0,0.2386363636363636,
resnet,2087,True,Imagenet,Last dense,30,128,0.001,Adam,166.46281957626343,0.1787254363298416,1.3886183500289917,0.21875,1.3911631107330322,0.2076446280991735,
octnet,4174,True,,Last dense,30,128,0.001,Adam,36.91071701049805,0.2275994271039962,1564798592.0,0.25,604286592.0,0.2448347107438016,
resnet,4174,True,Imagenet,Last dense,30,128,0.001,Adam,232.1347603797913,0.331816017627716,1.3827478885650637,0.1875,1.385493278503418,0.2809917355371901,
octnet,6261,True,,Last dense,30,128,0.001,Adam,51.13195562362671,0.2275994271039962,1971187840.0,0.15625,522221920.0,0.2221074380165289,
resnet,6261,True,Imagenet,Last dense,30,128,0.001,Adam,300.05995321273804,0.2536336183547973,1.3867655992507937,0.125,1.3886103630065918,0.2396694214876033,
octnet,7513,True,,Last dense,30,128,0.001,Adam,58.45939302444458,0.1916677802801132,2791199488.0,0.25,1205864704.0,0.2603305785123967,
resnet,7513,True,Imagenet,Last dense,30,128,0.001,Adam,338.499755859375,0.208838015794754,1.386383891105652,0.15625,1.3881170749664309,0.2148760330578512,
octnet,8348,True,,Last dense,30,128,0.001,Adam,64.48400664329529,0.2576664984226227,1266018048.0,0.21875,468119808.0,0.2086776859504132,
resnet,8348,True,Imagenet,Last dense,30,128,0.001,Adam,367.0655901432037,0.1562050729990005,1.3930779695510864,0.21875,1.3940632343292236,0.2727272727272727,
octnet,20871,True,,Last dense,30,128,0.001,Adam,143.21960020065308,0.1896411329507827,4469436928.0,0.25,1687752576.0,0.2293388429752066,
resnet,20871,True,Imagenet,Last dense,30,128,0.001,Adam,766.5483222007751,0.3642853796482086,1.380590796470642,0.34375,1.3818557262420654,0.2995867768595041,
octnet,33393,True,,Last dense,30,128,0.001,Adam,222.3301341533661,0.2539454400539398,2549803520.0,0.3125,869442112.0,0.2479338842975206,
resnet,33393,True,Imagenet,Last dense,30,128,0.001,Adam,1170.182008743286,0.2519689798355102,1.384947657585144,0.1875,1.3835692405700684,0.2448347107438016,
octnet,41742,True,,Last dense,30,128,0.001,Adam,275.6859424114228,0.2055483758449554,2109576576.0,0.25,1527348480.0,0.25,
resnet,41742,True,Imagenet,Last dense,30,128,0.001,Adam,1438.759160041809,0.2608883082866668,1.3846975564956665,0.21875,1.3864177465438845,0.2706611570247934,
octnet,50090,True,,Last dense,30,128,0.001,Adam,328.7119405269623,0.3005390167236328,1345161088.0,0.25,691409536.0,0.25,
resnet,50090,True,Imagenet,Last dense,30,128,0.001,Adam,1706.3364419937134,0.209522858262062,1.3890399932861328,0.3125,1.380909442901611,0.2582644628099173,
octnet,62613,True,,Last dense,30,128,0.001,Adam,409.631671667099,0.3492565453052521,1230341632.0,0.1875,1141791232.0,0.2944214876033058,
resnet,62613,True,Imagenet,Last dense,30,128,0.001,Adam,2107.2852206230164,0.2396147698163986,1.3854620456695557,0.25,1.3919169902801514,0.246900826446281,
octnet,75135,True,,Last dense,30,128,0.001,Adam,485.10855197906494,0.2554468512535095,1965728128.0,0.28125,883381440.0,0.2314049586776859,
resnet,75135,True,Imagenet,Last dense,30,128,0.001,Adam,2511.061051607132,0.350648820400238,1.3822838068008425,0.28125,1.3851876258850098,0.3140495867768595,
octnet,83484,True,,Last dense,30,128,0.001,Adam,542.1120164394379,0.2243783175945282,2209614080.0,0.25,1136207360.0,0.2634297520661157,
resnet,83484,True,Imagenet,Last dense,30,128,0.001,Adam,2780.1582114696503,0.1932825446128845,1.3894760608673096,0.21875,1.3887475728988647,0.2252066115702479,
octnet,834,True,,All,30,128,0.001,Adam,29.897881746292114,0.7458033561706543,0.7461467385292053,0.53125,1.2976055145263672,0.5516528925619835,
resnet,834,True,Imagenet,All,30,128,0.001,Adam,197.82405877113345,0.7829736471176147,1.2228257656097412,0.5,1.2880499362945557,0.4958677685950413,
octnet,2087,True,,All,30,128,0.001,Adam,59.05735063552856,0.7982750535011292,0.5742177367210388,0.59375,0.8956389427185059,0.6229338842975206,
resnet,2087,True,Imagenet,All,30,128,0.001,Adam,339.1824035644531,0.7771921157836914,1.1672061681747437,0.5,1.285084247589111,0.5,
octnet,4174,True,,All,30,128,0.001,Adam,107.22230005264282,0.8205558061599731,0.4765351116657257,0.71875,0.7768246531486511,0.7128099173553719,
resnet,4174,True,Imagenet,All,30,128,0.001,Adam,572.8518960475922,0.886439859867096,0.941282331943512,0.75,1.0682995319366455,0.746900826446281,
octnet,6261,True,,All,30,128,0.001,Adam,157.09985375404358,0.8639194965362549,0.3778248429298401,0.8125,0.4807090163230896,0.7923553719008265,
resnet,6261,True,Imagenet,All,30,128,0.001,Adam,811.5307857990265,0.9728477597236632,0.7813016772270203,1.0,0.8858633041381836,0.9793388429752066,
octnet,7513,True,,All,30,128,0.001,Adam,184.7023105621338,0.850925087928772,0.4261884987354278,0.78125,0.5044040083885193,0.7675619834710744,
resnet,7513,True,Imagenet,All,30,128,0.001,Adam,953.946358203888,0.9785704612731934,0.7182936072349548,0.96875,0.8519439697265625,0.9927685950413224,
octnet,8348,True,,All,30,128,0.001,Adam,204.93751549720764,0.8502635359764099,0.4127498567104339,0.84375,0.5184369683265686,0.7799586776859504,
resnet,8348,True,Imagenet,All,30,128,0.001,Adam,1047.7655382156372,0.8891950249671936,0.7621768116950989,0.75,1.0041711330413818,0.7479338842975206,
octnet,20871,True,,All,30,128,0.001,Adam,496.4930925369263,0.9286569952964784,0.2039354145526886,0.90625,0.2575327157974243,0.9163223140495868,
resnet,20871,True,Imagenet,All,30,128,0.001,Adam,2456.079278945923,0.8886493444442749,0.4300181269645691,0.75,0.5927169322967529,0.7489669421487604,
octnet,33393,True,,All,30,128,0.001,Adam,784.0967514514923,0.9435510635375975,0.1627784520387649,0.90625,0.175028458237648,0.9483471074380164,
resnet,33393,True,Imagenet,All,30,128,0.001,Adam,3862.207273006439,0.983709156513214,0.1493806838989257,1.0,0.1225658878684043,0.9886363636363636,
octnet,41742,True,,All,30,128,0.001,Adam,975.2315649986268,0.957021713256836,0.1296012103557586,0.9375,0.4640741050243377,0.956611570247934,
resnet,41742,True,Imagenet,All,30,128,0.001,Adam,4911.772037267685,0.9879737496376038,0.0994796827435493,1.0,0.0668323785066604,0.9927685950413224,
octnet,50090,True,,All,30,128,0.001,Adam,1890.5379192829128,0.9588740468025208,0.1218121722340583,0.9375,0.1570142358541488,0.9731404958677686,
resnet,50090,True,Imagenet,All,30,128,0.001,Adam,7395.800930738449,0.8565182685852051,0.3384879231452942,0.75,0.4279088377952575,0.743801652892562,
octnet,62613,True,,All,30,128,0.001,Adam,1455.2732076644895,0.9727851748466492,0.0821490362286567,1.0,0.0042920294217765,0.9669421487603306,
resnet,62613,True,Imagenet,All,30,128,0.001,Adam,7137.286551237106,0.8579208850860596,0.3220130503177643,0.75,0.4120717048645019,0.7448347107438017,
octnet,75135,True,,All,30,128,0.001,Adam,1735.6461763381958,0.9720636010169984,0.0869584083557128,1.0,0.0109711531549692,0.9772727272727272,
resnet,75135,True,Imagenet,All,30,128,0.001,Adam,8540.525089979172,0.9906967282295228,0.0840507820248603,1.0,0.0642691701650619,0.9989669421487604,
octnet,83484,True,,All,30,128,0.001,Adam,1941.2991790771484,0.9764625430107116,0.072292223572731,0.96875,0.052942905575037,0.9855371900826446,
resnet,83484,True,Imagenet,All,30,128,0.001,Adam,9476.340566396711,0.993160367012024,0.0386456474661827,0.96875,0.0540350116789341,0.9979338842975206,
resnet,834,False,,All,30,128,0.001,SGD,192.8025772571564,0.4652278125286102,1.3748234510421753,0.25,1.386448860168457,0.25,
resnet,2087,False,,All,30,128,0.001,SGD,334.0309844017029,0.4647819697856903,1.3611515760421753,0.25,1.387204647064209,0.25,
resnet,4174,False,,All,30,128,0.001,SGD,570.9454698562622,0.4393866658210754,1.347228765487671,0.25,1.3896387815475464,0.25,
resnet,6261,False,,All,30,128,0.001,SGD,805.7864370346069,0.4435393810272217,1.33294415473938,0.25,1.391915202140808,0.25,
resnet,7513,False,,All,30,128,0.001,SGD,946.8999176025392,0.4407027959823608,1.3250911235809326,0.25,1.3940880298614502,0.25,
resnet,8348,False,,All,30,128,0.001,SGD,1039.9693019390106,0.4426209926605224,1.3146514892578125,0.25,1.3971590995788574,0.25,
resnet,20871,False,,All,30,128,0.001,SGD,2453.6017441749573,0.441809207201004,1.26785147190094,0.25,1.4301133155822754,0.25,
resnet,33393,False,,All,30,128,0.001,SGD,3868.993620157242,0.4434761703014374,1.2472435235977173,0.25,1.4584861993789673,0.25,
resnet,41742,False,,All,30,128,0.001,SGD,4808.852152585983,0.4417852461338043,1.2386575937271118,0.25,1.4899680614471436,0.25,
resnet,50090,False,,All,30,128,0.001,SGD,5756.073872566223,0.4424436092376709,1.2325434684753418,0.25,1.5243664979934692,0.25,
resnet,62613,False,,All,30,128,0.001,SGD,7172.458787918091,0.4441569745540619,1.2295928001403809,0.25,1.5444121360778809,0.25,
resnet,75135,False,,All,30,128,0.001,SGD,8573.050535440445,0.4441471993923187,1.2293744087219238,0.25,1.545137882232666,0.25,
resnet,83484,False,,All,30,128,0.001,SGD,9507.690400600432,0.4456542432308197,1.2257115840911863,0.25,1.5360634326934814,0.25,
resnet,834,True,Imagenet,Last dense,30,128,0.001,SGD,127.8851764202118,0.0035971223842352,1.432889461517334,0.0,1.4278284311294556,0.0,
resnet,2087,True,Imagenet,Last dense,30,128,0.001,SGD,165.19649505615234,0.2175371348857879,1.389156699180603,0.46875,1.3805131912231443,0.493801652892562,
resnet,4174,True,Imagenet,Last dense,30,128,0.001,SGD,231.8479623794556,0.3195975124835968,1.3865175247192385,0.25,1.3935768604278564,0.25,
resnet,6261,True,Imagenet,Last dense,30,128,0.001,SGD,297.9683589935303,0.4416227340698242,1.3668547868728638,0.25,1.3713271617889404,0.25,
resnet,7513,True,Imagenet,Last dense,30,128,0.001,SGD,339.303896188736,0.1366963982582092,1.390114188194275,0.28125,1.3884247541427612,0.256198347107438,
resnet,8348,True,Imagenet,Last dense,30,128,0.001,SGD,366.3280918598175,0.1366794407367706,1.4088853597640991,0.25,1.395549178123474,0.25,
resnet,20871,True,Imagenet,Last dense,30,128,0.001,SGD,766.6018617153168,0.4397489428520202,1.3884453773498535,0.25,1.4045190811157229,0.25,
resnet,33393,True,Imagenet,Last dense,30,128,0.001,SGD,1166.5317833423617,0.4184409976005554,1.377835035324097,0.5,1.3702406883239746,0.4989669421487603,
resnet,41742,True,Imagenet,Last dense,30,128,0.001,SGD,1435.052985906601,0.0018207081593573,1.4287556409835815,0.0,1.412952184677124,0.0,
resnet,50090,True,Imagenet,Last dense,30,128,0.001,SGD,1702.965602874756,0.000858454790432,1.4229352474212646,0.0,1.4230828285217283,0.0,
resnet,62613,True,Imagenet,Last dense,30,128,0.001,SGD,2101.910917043686,0.4525737464427948,1.3590233325958252,0.5,1.3558225631713867,0.5,
resnet,75135,True,Imagenet,Last dense,30,128,0.001,SGD,2510.631033182144,0.3168962597846985,1.3582617044448853,0.25,1.3617366552352903,0.25,
resnet,83484,True,Imagenet,Last dense,30,128,0.001,SGD,2776.1716260910034,0.1034449711441993,1.4153765439987185,0.25,1.397242307662964,0.25,
resnet,834,True,Imagenet,All,30,128,0.001,SGD,195.5810980796814,0.1019184663891792,1.38890278339386,0.25,1.3802499771118164,0.25,
resnet,2087,True,Imagenet,All,30,128,0.001,SGD,334.8781147003174,0.4633445143699646,1.3358194828033447,0.25,1.3683075904846191,0.25,
resnet,4174,True,Imagenet,All,30,128,0.001,SGD,570.4853515625,0.8818878531455994,1.222053289413452,0.75,1.2943159341812134,0.743801652892562,
resnet,6261,True,Imagenet,All,30,128,0.001,SGD,804.0388276576996,0.7612202763557434,1.167490005493164,0.5,1.2632311582565308,0.5,
resnet,7513,True,Imagenet,All,30,128,0.001,SGD,943.6136753559113,0.7609477043151855,1.110144019126892,0.5,1.211702585220337,0.5,
resnet,8348,True,Imagenet,All,30,128,0.001,SGD,1036.6357939243317,0.7601820826530457,1.0732325315475464,0.5,1.207780838012695,0.5,
resnet,20871,True,Imagenet,All,30,128,0.001,SGD,2441.134961605072,0.7598102688789368,0.8416892290115356,0.5,1.0417972803115845,0.5,
resnet,33393,True,Imagenet,All,30,128,0.001,SGD,3841.5330562591553,0.8962956070899963,0.672511100769043,0.75,0.8910227417945862,0.7489669421487604,
resnet,41742,True,Imagenet,All,30,128,0.001,SGD,4779.622919082642,0.8951655626296997,0.6002925634384155,0.75,0.8222041130065918,0.75,
resnet,50090,True,Imagenet,All,30,128,0.001,SGD,5713.911421775818,0.9830904603004456,0.5503909587860107,0.96875,0.7667588591575623,0.9721074380165288,
resnet,62613,True,Imagenet,All,30,128,0.001,SGD,7126.14963722229,0.9880855679512024,0.4678242802619934,0.96875,0.6738126873970032,0.9855371900826446,
resnet,75135,True,Imagenet,All,30,128,0.001,SGD,8548.475855588913,0.9932920932769777,0.4048856794834137,0.96875,0.5805341005325317,0.993801652892562,
resnet,83484,True,Imagenet,All,30,128,0.001,SGD,9506.355281829834,0.993232250213623,0.3832748234272003,0.96875,0.5593504309654236,0.993801652892562,
resnet,20871,False,,All,30,50,0.001_0.5,SGD,2590.4913189411163,0.7460111975669861,0.781421422958374,0.5,1.2882659435272217,0.4989669421487603,
resnet,20871,True,Imagenet,Last dense,30,50,0.001_0.5,SGD,818.6209378242493,0.3193905353546142,1.3998708724975586,0.28125,1.3872288465499878,0.2510330578512397,
resnet,20871,True,Imagenet,All,30,50,0.001_0.5,SGD,2587.904922246933,0.993340015411377,0.1323274970054626,0.96875,0.1852527260780334,0.9989669421487604,
resnet,20871,False,,All,30,50,0.1_0.9,SGD,2601.219410181045,0.9473910927772522,0.1861572712659835,1.0,0.092383325099945,0.975206611570248,
resnet,20871,False,,All,30,50,0.05_0.9,SGD,2608.3769047260284,0.9883091449737548,0.0731601789593696,1.0,0.0504844784736633,0.9855371900826446,
resnet,20871,False,,All,30,50,0.01_0.9,SGD,2606.2868559360504,0.9939150214195251,0.0657591000199318,1.0,0.0647667571902275,0.9896694214876032,
resnet,20871,False,,All,30,50,0.005_0.9,SGD,2605.1285712718964,0.887259840965271,0.3891106247901916,0.6875,0.7444397807121277,0.7128099173553719,
resnet,20871,False,,All,30,50,0.001_0.9,SGD,2608.1372549533844,0.441809207201004,1.0829685926437378,0.25,1.42048180103302,0.25,
resnet,20871,False,,All,30,50,0.0005_0.9,SGD,2601.8262152671814,0.441809207201004,1.230237603187561,0.25,1.5521925687789917,0.25,
resnet,20871,False,,All,30,50,0.0001_0.9,SGD,2605.900118112564,0.441809207201004,1.2474703788757324,0.25,1.4604933261871338,0.25,
resnet,20871,False,,All,30,50,5e-05_0.9,SGD,2606.9716889858246,0.441809207201004,1.2951334714889526,0.25,1.4072182178497314,0.25,
resnet,20871,False,,All,30,50,1e-05_0.9,SGD,2599.4175810813904,0.441809207201004,1.361472725868225,0.25,1.3873558044433594,0.25,
resnet,20871,True,Imagenet,Last dense,30,50,0.1_0.9,SGD,816.0422596931458,0.5789852142333984,1.3811172246932983,0.5,1.3917993307113647,0.5,
resnet,20871,True,Imagenet,Last dense,30,50,0.05_0.9,SGD,821.2560007572174,0.4397968351840973,1.3858981132507324,0.25,1.3876399993896484,0.25,
resnet,20871,True,Imagenet,Last dense,30,50,0.01_0.9,SGD,819.9645957946777,0.0021081883460283,1.4020583629608154,0.0,1.3938500881195068,0.0,
resnet,20871,True,Imagenet,Last dense,30,50,0.005_0.9,SGD,818.8624033927917,0.4550812244415283,1.3700844049453735,0.5,1.3623889684677124,0.5,
resnet,20871,True,Imagenet,Last dense,30,50,0.001_0.9,SGD,819.1511249542236,0.5776915550231934,1.343034029006958,0.5,1.368317484855652,0.5,
resnet,20871,True,Imagenet,Last dense,30,50,0.0005_0.9,SGD,823.5145065784454,0.0049350773915648,1.3852043151855469,0.0,1.391316056251526,0.0,
resnet,20871,True,Imagenet,Last dense,30,50,0.0001_0.9,SGD,819.2887797355652,0.5395525097846985,1.3597540855407717,0.5,1.361122965812683,0.4989669421487603,
resnet,20871,True,Imagenet,Last dense,30,50,5e-05_0.9,SGD,820.974264383316,0.3191030621528625,1.36931312084198,0.25,1.378232479095459,0.25,
resnet,20871,True,Imagenet,Last dense,30,50,1e-05_0.9,SGD,821.3439099788666,0.0031143692322075,1.3903449773788452,0.0,1.3977487087249756,0.0010330578512396,
resnet,20871,True,Imagenet,All,30,50,0.1_0.9,SGD,2601.188559532165,0.9957357048988342,0.0272378362715244,0.96875,0.053458321839571,0.9948347107438016,
resnet,20871,True,Imagenet,All,30,50,0.05_0.9,SGD,2596.881850719452,0.9961190223693848,0.0252702999860048,0.96875,0.0885583385825157,0.993801652892562,
resnet,20871,True,Imagenet,All,30,50,0.01_0.9,SGD,2592.432127952576,0.9961669445037842,0.0295140109956264,0.96875,0.0658134818077087,0.9948347107438016,
resnet,20871,True,Imagenet,All,30,50,0.005_0.9,SGD,2593.7917346954346,0.9963106513023376,0.036912553012371,0.96875,0.0819432362914085,0.9948347107438016,
resnet,20871,True,Imagenet,All,30,50,0.001_0.9,SGD,2592.429226160049,0.9962627291679382,0.1252127289772033,0.96875,0.2016592621803283,0.9948347107438016,
resnet,20871,True,Imagenet,All,30,50,0.0005_0.9,SGD,2595.588944673538,0.9962148666381836,0.2485120594501495,0.96875,0.388609766960144,0.9927685950413224,
resnet,20871,True,Imagenet,All,30,50,0.0001_0.9,SGD,2592.345266819,0.7599539756774902,0.7664085030555725,0.5,0.9817899465560912,0.5,
resnet,20871,True,Imagenet,All,30,50,5e-05_0.9,SGD,2592.302853345871,0.7599061131477356,0.9817684888839722,0.5,1.1434555053710938,0.5,
resnet,20871,True,Imagenet,All,30,50,1e-05_0.9,SGD,2593.77692103386,0.8969862461090088,1.2703362703323364,0.75,1.303696870803833,0.7489669421487604,
resnet,20871,False,,All,30,50,0.1,Amsgrad,2603.697440862656,0.441809207201004,1.2315473556518557,0.25,1.537689208984375,0.25,
resnet,20871,False,,All,30,50,0.1,Adam,2557.0510125160217,0.441809207201004,1.231643795967102,0.25,1.5417581796646118,0.25,
resnet,20871,False,,All,30,50,0.05,Amsgrad,2600.22572183609,0.441809207201004,1.2311450242996216,0.25,1.552083134651184,0.25,
resnet,20871,False,,All,30,50,0.05,Adam,2571.144825935364,0.441809207201004,1.2313530445098877,0.25,1.5527846813201904,0.25,
resnet,20871,False,,All,30,50,0.01,Amsgrad,2615.088606595993,0.441809207201004,1.2311005592346191,0.25,1.5578923225402832,0.25,
resnet,20871,False,,All,30,50,0.01,Adam,2576.7055327892303,0.441809207201004,1.231109619140625,0.25,1.556255340576172,0.25,
resnet,20871,False,,All,30,50,0.005,Amsgrad,2616.4869973659515,0.441809207201004,1.2310713529586792,0.25,1.5566437244415283,0.25,
resnet,20871,False,,All,30,50,0.005,Adam,2615.2825524806976,0.441809207201004,1.2310740947723389,0.25,1.5575323104858398,0.25,
resnet,20871,True,Imagenet,Last dense,30,50,0.1,Amsgrad,823.0361764431,0.0999952107667923,1.3909599781036377,0.21875,1.3909204006195068,0.2427685950413223,
resnet,20871,True,Imagenet,Last dense,30,50,0.1,Adam,826.340945482254,0.0024435820523649,1.3833109140396118,0.0,1.3947789669036863,0.003099173553719,
resnet,20871,True,Imagenet,Last dense,30,50,0.05,Amsgrad,824.8883092403412,0.000862440734636,1.4064981937408447,0.0,1.405895709991455,0.0010330578512396,
resnet,20871,True,Imagenet,Last dense,30,50,0.05,Adam,818.2377414703369,0.4193378388881683,1.3947393894195557,0.5,1.3788964748382568,0.496900826446281,
resnet,20871,True,Imagenet,Last dense,30,50,0.01,Amsgrad,825.1350584030151,0.4412821531295776,1.3838132619857788,0.25,1.393424391746521,0.25,
resnet,20871,True,Imagenet,Last dense,30,50,0.01,Adam,824.1652157306671,0.4420008659362793,1.368633508682251,0.25,1.3900699615478516,0.25,
resnet,20871,True,Imagenet,Last dense,30,50,0.005,Amsgrad,826.3654022216797,0.0007666139863431,1.3881933689117432,0.0,1.388369917869568,0.0041322314049586,
resnet,20871,True,Imagenet,Last dense,30,50,0.005,Adam,822.4023885726929,0.5783623456954956,1.376700520515442,0.5,1.3837555646896362,0.5,
resnet,20871,True,Imagenet,All,30,50,0.1,Amsgrad,2611.8870420455933,0.441809207201004,1.2314813137054443,0.25,1.5410237312316897,0.25,
resnet,20871,True,Imagenet,All,30,50,0.1,Adam,2569.546267747879,0.441809207201004,1.2315045595169067,0.25,1.555566906929016,0.25,
resnet,20871,True,Imagenet,All,30,50,0.05,Amsgrad,2600.2957525253296,0.441809207201004,1.2313482761383057,0.25,1.5523309707641602,0.25,
resnet,20871,True,Imagenet,All,30,50,0.05,Adam,2562.7178502082825,0.441809207201004,1.231248140335083,0.25,1.564995050430298,0.25,
resnet,20871,True,Imagenet,All,30,50,0.01,Amsgrad,2608.403849840164,0.441809207201004,1.2310843467712402,0.25,1.5571027994155884,0.25,
resnet,20871,True,Imagenet,All,30,50,0.01,Adam,2566.1406445503235,0.441809207201004,1.231112360954285,0.25,1.558246374130249,0.25,
resnet,20871,True,Imagenet,All,30,50,0.005,Amsgrad,2606.372222423553,0.441809207201004,1.231057047843933,0.25,1.5568174123764038,0.25,
resnet,20871,True,Imagenet,All,30,50,0.005,Adam,2563.177132844925,0.441809207201004,1.2310653924942017,0.25,1.5563232898712158,0.25,
resnet,20871,False,,All,30,50,0.1_0.6,SGD,2583.150243282318,0.991663098335266,0.0569505654275417,1.0,0.0297129973769187,0.9855371900826446,
resnet,20871,False,,All,30,50,0.1_0.7,SGD,2584.4966237545013,0.9931004643440248,0.0547480173408985,0.96875,0.0711884051561355,0.9824380165289256,
resnet,20871,False,,All,30,50,0.1_0.8,SGD,2587.1085999012,0.9602798223495485,0.1508014500141143,0.96875,0.1748981177806854,0.9669421487603306,
resnet,20871,False,,All,30,50,0.1_0.9,SGD,2579.004592180252,0.9659814834594728,0.1188485249876976,0.9375,0.1483347564935684,0.9080578512396694,
resnet,20871,False,,All,30,50,0.05_0.6,SGD,2584.204793214798,0.9932442307472228,0.055277083069086,1.0,0.0394527986645698,0.9855371900826446,
resnet,20871,False,,All,30,50,0.05_0.7,SGD,2592.329336643219,0.9906089901924132,0.0719030797481536,1.0,0.0543920062482357,0.984504132231405,
resnet,20871,False,,All,30,50,0.05_0.8,SGD,2654.068014860153,0.9911360144615172,0.0662446618080139,1.0,0.0489577688276767,0.9803719008264464,
resnet,20871,False,,All,30,50,0.05_0.9,SGD,2592.3682293891907,0.9930525422096252,0.073295384645462,1.0,0.0876244977116584,0.9731404958677686,
resnet,20871,False,,All,30,50,0.01_0.6,SGD,2595.9367413520813,0.7598581910133362,0.5583716630935669,0.5,0.965356707572937,0.5,
resnet,20871,False,,All,30,50,0.01_0.7,SGD,2587.004846572876,0.7526232600212097,0.714546263217926,0.5,1.1859670877456665,0.4989669421487603,
resnet,20871,False,,All,30,50,0.01_0.8,SGD,2590.5609974861145,0.8947343230247498,0.3548970520496368,0.6875,0.6485958099365234,0.734504132231405,
resnet,20871,False,,All,30,50,0.01_0.9,SGD,2588.5161929130554,0.9937233328819276,0.0579799376428127,1.0,0.0513122752308845,0.9783057851239668,
resnet,20871,False,,All,30,50,0.005_0.6,SGD,2588.9067254066467,0.441809207201004,1.231022834777832,0.25,1.5568585395812988,0.25,
resnet,20871,False,,All,30,50,0.005_0.7,SGD,2588.164943933487,0.7584686875343323,0.632348358631134,0.5,1.0167192220687866,0.4979338842975206,
resnet,20871,False,,All,30,50,0.005_0.8,SGD,2588.547999382019,0.7591874003410339,0.6045567393302917,0.5,1.0680066347122192,0.4979338842975206,
resnet,20871,False,,All,30,50,0.005_0.9,SGD,2586.792701005936,0.7729385495185852,0.5110917091369629,0.53125,0.961682915687561,0.5278925619834711,
resnet,20871,True,Imagenet,Last dense,30,50,0.1_0.6,SGD,811.9791839122772,0.1012409552931785,1.384843349456787,0.25,1.3871641159057615,0.25,
resnet,20871,True,Imagenet,Last dense,30,50,0.1_0.7,SGD,809.5138983726501,0.441809207201004,1.3719412088394165,0.25,1.3872687816619873,0.25,
resnet,20871,True,Imagenet,Last dense,30,50,0.1_0.8,SGD,809.1810467243195,0.3183843493461609,1.381110429763794,0.25,1.3872251510620115,0.25,
resnet,20871,True,Imagenet,Last dense,30,50,0.1_0.9,SGD,807.370014667511,0.1385654807090759,1.407628297805786,0.25,1.3874192237854004,0.25,
resnet,20871,True,Imagenet,Last dense,30,50,0.05_0.6,SGD,805.4767286777496,0.441809207201004,1.3765650987625122,0.25,1.387102723121643,0.25,
resnet,20871,True,Imagenet,Last dense,30,50,0.05_0.7,SGD,808.1367626190186,0.441809207201004,1.3772401809692385,0.25,1.386644721031189,0.25,
resnet,20871,True,Imagenet,Last dense,30,50,0.05_0.8,SGD,802.7427701950073,0.1012409552931785,1.3922227621078491,0.25,1.386468768119812,0.25,
resnet,20871,True,Imagenet,Last dense,30,50,0.05_0.9,SGD,807.7218241691589,0.1385654807090759,1.3828701972961426,0.25,1.3871192932128906,0.25,
resnet,20871,True,Imagenet,Last dense,30,50,0.01_0.6,SGD,808.9495623111725,0.1012409552931785,1.4116615056991575,0.25,1.3876516819000244,0.25,
resnet,20871,True,Imagenet,Last dense,30,50,0.01_0.7,SGD,807.3648478984833,0.1385654807090759,1.3895491361618042,0.25,1.3863356113433838,0.25,
resnet,20871,True,Imagenet,Last dense,30,50,0.01_0.8,SGD,807.5264227390289,0.1385654807090759,1.3832333087921145,0.25,1.3867061138153076,0.25,
resnet,20871,True,Imagenet,Last dense,30,50,0.01_0.9,SGD,809.2472562789917,0.1385654807090759,1.3761323690414429,0.25,1.387149453163147,0.25,
resnet,20871,True,Imagenet,Last dense,30,50,0.005_0.6,SGD,807.5895111560822,0.1012409552931785,1.3928004503250122,0.25,1.3866424560546875,0.25,
resnet,20871,True,Imagenet,Last dense,30,50,0.005_0.7,SGD,809.700403213501,0.1385654807090759,1.3786444664001465,0.25,1.3871943950653076,0.25,
resnet,20871,True,Imagenet,Last dense,30,50,0.005_0.8,SGD,807.7956612110138,0.441809207201004,1.3690192699432373,0.25,1.3875441551208496,0.25,
resnet,20871,True,Imagenet,Last dense,30,50,0.005_0.9,SGD,802.0143451690674,0.3183843493461609,1.3917838335037231,0.25,1.3868552446365356,0.25,
resnet,20871,True,Imagenet,All,30,50,0.1_0.6,SGD,2560.244111061096,0.441809207201004,1.2311574220657349,0.25,1.5590673685073853,0.25,
resnet,20871,True,Imagenet,All,30,50,0.1_0.7,SGD,2541.2678277492523,0.441809207201004,1.2311480045318604,0.25,1.5581892728805542,0.25,
resnet,20871,True,Imagenet,All,30,50,0.1_0.8,SGD,2541.6951208114624,0.441809207201004,1.2312142848968506,0.25,1.5583860874176023,0.25,
resnet,20871,True,Imagenet,All,30,50,0.1_0.9,SGD,2540.9796180725098,0.441809207201004,1.231334567070007,0.25,1.55470871925354,0.25,
resnet,20871,True,Imagenet,All,30,50,0.05_0.6,SGD,2542.595786333084,0.441809207201004,1.231090068817139,0.25,1.5577237606048584,0.25,
resnet,20871,True,Imagenet,All,30,50,0.05_0.7,SGD,2544.7307572364807,0.441809207201004,1.2310853004455566,0.25,1.555430889129639,0.25,
resnet,20871,True,Imagenet,All,30,50,0.05_0.8,SGD,2540.2258594036102,0.441809207201004,1.231171727180481,0.25,1.555191993713379,0.25,
resnet,20871,True,Imagenet,All,30,50,0.05_0.9,SGD,2538.097457885742,0.441809207201004,1.2312328815460205,0.25,1.5596545934677124,0.25,
resnet,20871,True,Imagenet,All,30,50,0.01_0.6,SGD,2531.40714097023,0.441809207201004,1.2310363054275513,0.25,1.5566840171813965,0.25,
resnet,20871,True,Imagenet,All,30,50,0.01_0.7,SGD,2540.895384073257,0.441809207201004,1.2310413122177124,0.25,1.5569815635681152,0.25,
resnet,20871,True,Imagenet,All,30,50,0.01_0.8,SGD,2537.8125998973846,0.441809207201004,1.2310504913330078,0.25,1.5571223497390747,0.25,
resnet,20871,True,Imagenet,All,30,50,0.01_0.9,SGD,2540.9449334144592,0.441809207201004,1.231066107749939,0.25,1.5575872659683228,0.25,
resnet,20871,True,Imagenet,All,30,50,0.005_0.6,SGD,2534.3226964473724,0.441809207201004,1.2310291528701782,0.25,1.5570616722106934,0.25,
resnet,20871,True,Imagenet,All,30,50,0.005_0.7,SGD,2545.3236951828003,0.441809207201004,1.2310341596603394,0.25,1.557138204574585,0.25,
resnet,20871,True,Imagenet,All,30,50,0.005_0.8,SGD,2546.1998999118805,0.441809207201004,1.231037139892578,0.25,1.5570635795593262,0.25,
resnet,20871,True,Imagenet,All,30,50,0.005_0.9,SGD,2539.9939000606537,0.441809207201004,1.2310478687286377,0.25,1.5569067001342771,0.25,
resnet,834,False,,All,30,50,0.1_0.6,SGD,198.6403453350067,0.4652278125286102,1.1932971477508545,0.25,1.5893574953079224,0.25,
resnet,2087,False,,All,30,50,0.1_0.6,SGD,349.4751124382019,0.8883565068244934,0.425407350063324,0.625,0.9559075236320496,0.6580578512396694,
resnet,4174,False,,All,30,50,0.1_0.6,SGD,595.7400403022766,0.886679470539093,0.3161405622959137,0.625,1.0948675870895386,0.6900826446280992,
resnet,6261,False,,All,30,50,0.1_0.6,SGD,848.2630259990692,0.4435393810272217,1.2292124032974243,0.25,1.5585391521453855,0.25,
resnet,7513,False,,All,30,50,0.1_0.6,SGD,997.9892466068268,0.4407027959823608,1.2309112548828125,0.25,1.5565017461776731,0.25,
resnet,8348,False,,All,30,50,0.1_0.6,SGD,1097.4413344860077,0.9814326763153076,0.1572361886501312,0.90625,0.4154099822044372,0.9421487603305784,
resnet,20871,False,,All,30,50,0.1_0.6,SGD,2589.49772977829,0.9921422004699708,0.0604322925209999,1.0,0.0515220463275909,0.9793388429752066,
resnet,33393,False,,All,30,50,0.1_0.6,SGD,4082.793215274811,0.7472224831581116,0.7235391139984131,0.5,1.0975278615951538,0.496900826446281,
resnet,41742,False,,All,30,50,0.1_0.6,SGD,5088.8538229465485,0.995064914226532,0.0289031621068716,1.0,0.0142238335683941,0.9886363636363636,
resnet,50090,False,,All,30,50,0.1_0.6,SGD,6098.548704147339,0.9957675933837892,0.0240808706730604,1.0,0.0295482389628887,0.9886363636363636,
resnet,62613,False,,All,30,50,0.1_0.6,SGD,7589.966109037399,0.995751678943634,0.0216862894594669,0.96875,0.1631534546613693,0.993801652892562,
resnet,75135,False,,All,30,50,0.1_0.6,SGD,9085.329491853714,0.9958208799362184,0.019059594720602,1.0,0.0132962092757225,0.993801652892562,
resnet,83484,False,,All,30,50,0.1_0.6,SGD,10074.513168096542,0.9956518411636353,0.0139012560248374,0.96875,0.0368401408195495,0.9927685950413224,
resnet,834,False,,All,30,50,0.05_0.6,SGD,209.13450050354004,0.4652278125286102,1.2018002271652222,0.25,1.58529794216156,0.25,
resnet,2087,False,,All,30,50,0.05_0.6,SGD,349.18007016181946,0.4647819697856903,1.204311490058899,0.25,1.5839966535568235,0.25,
resnet,4174,False,,All,30,50,0.05_0.6,SGD,597.9467327594757,0.8231911659240723,0.4686879515647888,0.5625,0.992254674434662,0.5754132231404959,
resnet,6261,False,,All,30,50,0.05_0.6,SGD,843.5829725265503,0.8845232129096985,0.3742632567882538,0.625,0.8183192014694214,0.6642561983471075,
resnet,7513,False,,All,30,50,0.05_0.6,SGD,994.1529107093812,0.892985463142395,0.2780469954013824,0.75,0.5589805841445923,0.7365702479338843,
resnet,8348,False,,All,30,50,0.05_0.6,SGD,1095.1854503154757,0.737541913986206,0.8690823316574097,0.3125,1.5638258457183838,0.3357438016528926,
resnet,20871,False,,All,30,50,0.05_0.6,SGD,2595.9874680042267,0.9937712550163268,0.0543259195983409,1.0,0.0433670431375503,0.987603305785124,
resnet,33393,False,,All,30,50,0.05_0.6,SGD,4084.043229103088,0.9950588345527648,0.0370769910514354,1.0,0.0221686847507953,0.987603305785124,
resnet,41742,False,,All,30,50,0.05_0.6,SGD,5071.564338684082,0.9957357048988342,0.0293054617941379,1.0,0.0172188878059387,0.987603305785124,
resnet,50090,False,,All,30,50,0.05_0.6,SGD,6272.705027580261,0.996366560459137,0.0193142592906951,0.96875,0.0915381163358688,0.9927685950413224,
resnet,62613,False,,All,30,50,0.05_0.6,SGD,8535.412808418274,0.9957357048988342,0.0212513823062181,0.96875,0.1818784028291702,0.9917355371900828,
resnet,75135,False,,All,30,50,0.05_0.6,SGD,10864.895267248154,0.9956744313240052,0.0179564915597438,0.96875,0.2046823054552078,0.9979338842975206,
resnet,83484,False,,All,30,50,0.05_0.6,SGD,10689.895702838898,0.9956398606300354,0.016635276377201,1.0,0.0250634010881185,0.9958677685950412,
resnet,33393,False,,All,30,50,0.1_0.6,SGD,4081.95840382576,0.9951786398887634,0.0303294826298952,1.0,0.0137551296502351,0.9907024793388428,
resnet,33393,False,,All,30,50,0.1_0.6,SGD,4085.784299612045,0.9953283667564392,0.0374942682683467,1.0,0.0273206513375043,0.9927685950413224,
resnet,33393,False,,All,30,50,0.1_0.6,SGD,4111.663804769516,0.9962866306304932,0.0318610407412052,0.96875,0.1872684210538864,0.9907024793388428,
resnet,33393,False,,All,30,50,0.1_0.6,SGD,4299.163697719574,0.9963765144348145,0.0318799950182437,1.0,0.0258004814386367,0.9927685950413224,
resnet,8348,False,,All,30,50,0.05_0.6,SGD,2016.014333486557,0.8897939920425415,0.2785086333751678,0.6875,0.5973261594772339,0.7200413223140496,
resnet,8348,False,,All,30,50,0.05_0.6,SGD,2157.828369379044,0.441423088312149,1.2393558025360107,0.25,1.5461113452911377,0.25,
resnet,8348,False,,All,30,50,0.05_0.6,SGD,2151.760757684708,0.7350263595581055,0.842619776725769,0.25,2.0517611503601074,0.253099173553719,
resnet,8348,False,,All,30,50,0.05_0.6,SGD,2151.50701713562,0.7541926503181458,0.5630154609680176,0.5,1.1142313480377195,0.5,
octnet,834,False,,All,30,50,0.001,Adam,38.835200786590576,0.8033573031425476,0.6265133619308472,0.59375,1.1228102445602417,0.5878099173553719,
octnet,2087,False,,All,30,50,0.001,Adam,59.98352122306824,0.8461906909942627,0.4214923679828644,0.625,0.7720046639442444,0.7004132231404959,
octnet,4174,False,,All,30,50,0.001,Adam,111.45443797111513,0.893866777420044,0.295188844203949,0.8125,0.7180857062339783,0.7634297520661157,
octnet,6261,False,,All,30,50,0.001,Adam,162.74531626701355,0.8990576863288879,0.2704504430294037,0.84375,0.4787315130233764,0.8264462809917356,
octnet,7513,False,,All,30,50,0.001,Adam,193.03221035003665,0.9202715158462524,0.2125772684812545,0.9375,0.2575317323207855,0.8553719008264463,
octnet,8348,False,,All,30,50,0.001,Adam,214.78457880020144,0.9440584778785706,0.1722463518381118,0.90625,0.2847452163696289,0.8966942148760331,
octnet,20871,False,,All,30,50,0.001,Adam,521.1956028938293,0.9731684923171996,0.0787511244416236,0.90625,0.4884962141513824,0.9380165289256198,
octnet,33393,False,,All,30,50,0.001,Adam,830.4817643165588,0.986074924468994,0.040555041283369,1.0,0.0213028732687234,0.9669421487603306,
octnet,41742,False,,All,30,50,0.001,Adam,1039.5252304077148,0.9872310757637024,0.0386469848453998,1.0,0.0089312829077243,0.9700413223140496,
octnet,50090,False,,All,30,50,0.001,Adam,1251.4596729278564,0.9860451221466064,0.0401923209428787,1.0,0.0190412905067205,0.9824380165289256,
octnet,62613,False,,All,30,50,0.001,Adam,1568.6181638240814,0.9911839365959167,0.0262831859290599,0.96875,0.4353169500827789,0.9803719008264464,
octnet,75135,False,,All,30,50,0.001,Adam,1883.1572349071505,0.9913888573646544,0.0262108445167541,0.9375,0.2039238959550857,0.9865702479338844,
octnet,83484,False,,All,30,50,0.001,Adam,2042.6481709480288,0.9906808733940125,0.0279327500611543,0.96875,0.0413249656558036,0.9865702479338844,
